ID,Label,ImagePath
10,1,\kaggle\input\ORL-Organised\ORL-Organised\1\10_1.jpg
1,1,\kaggle\input\ORL-Organised\ORL-Organised\1\1_1.jpg
2,1,\kaggle\input\ORL-Organised\ORL-Organised\1\2_1.jpg
3,1,\kaggle\input\ORL-Organised\ORL-Organised\1\3_1.jpg
4,1,\kaggle\input\ORL-Organised\ORL-Organised\1\4_1.jpg
5,1,\kaggle\input\ORL-Organised\ORL-Organised\1\5_1.jpg
6,1,\kaggle\input\ORL-Organised\ORL-Organised\1\6_1.jpg
7,1,\kaggle\input\ORL-Organised\ORL-Organised\1\7_1.jpg
8,1,\kaggle\input\ORL-Organised\ORL-Organised\1\8_1.jpg
9,1,\kaggle\input\ORL-Organised\ORL-Organised\1\9_1.jpg
100,10,\kaggle\input\ORL-Organised\ORL-Organised\10\100_10.jpg
91,10,\kaggle\input\ORL-Organised\ORL-Organised\10\91_10.jpg
92,10,\kaggle\input\ORL-Organised\ORL-Organised\10\92_10.jpg
93,10,\kaggle\input\ORL-Organised\ORL-Organised\10\93_10.jpg
94,10,\kaggle\input\ORL-Organised\ORL-Organised\10\94_10.jpg
95,10,\kaggle\input\ORL-Organised\ORL-Organised\10\95_10.jpg
96,10,\kaggle\input\ORL-Organised\ORL-Organised\10\96_10.jpg
97,10,\kaggle\input\ORL-Organised\ORL-Organised\10\97_10.jpg
98,10,\kaggle\input\ORL-Organised\ORL-Organised\10\98_10.jpg
99,10,\kaggle\input\ORL-Organised\ORL-Organised\10\99_10.jpg
101,11,\kaggle\input\ORL-Organised\ORL-Organised\11\101_11.jpg
102,11,\kaggle\input\ORL-Organised\ORL-Organised\11\102_11.jpg
103,11,\kaggle\input\ORL-Organised\ORL-Organised\11\103_11.jpg
104,11,\kaggle\input\ORL-Organised\ORL-Organised\11\104_11.jpg
105,11,\kaggle\input\ORL-Organised\ORL-Organised\11\105_11.jpg
106,11,\kaggle\input\ORL-Organised\ORL-Organised\11\106_11.jpg
107,11,\kaggle\input\ORL-Organised\ORL-Organised\11\107_11.jpg
108,11,\kaggle\input\ORL-Organised\ORL-Organised\11\108_11.jpg
109,11,\kaggle\input\ORL-Organised\ORL-Organised\11\109_11.jpg
110,11,\kaggle\input\ORL-Organised\ORL-Organised\11\110_11.jpg
111,12,\kaggle\input\ORL-Organised\ORL-Organised\12\111_12.jpg
112,12,\kaggle\input\ORL-Organised\ORL-Organised\12\112_12.jpg
113,12,\kaggle\input\ORL-Organised\ORL-Organised\12\113_12.jpg
114,12,\kaggle\input\ORL-Organised\ORL-Organised\12\114_12.jpg
115,12,\kaggle\input\ORL-Organised\ORL-Organised\12\115_12.jpg
116,12,\kaggle\input\ORL-Organised\ORL-Organised\12\116_12.jpg
117,12,\kaggle\input\ORL-Organised\ORL-Organised\12\117_12.jpg
118,12,\kaggle\input\ORL-Organised\ORL-Organised\12\118_12.jpg
119,12,\kaggle\input\ORL-Organised\ORL-Organised\12\119_12.jpg
120,12,\kaggle\input\ORL-Organised\ORL-Organised\12\120_12.jpg
121,13,\kaggle\input\ORL-Organised\ORL-Organised\13\121_13.jpg
122,13,\kaggle\input\ORL-Organised\ORL-Organised\13\122_13.jpg
123,13,\kaggle\input\ORL-Organised\ORL-Organised\13\123_13.jpg
124,13,\kaggle\input\ORL-Organised\ORL-Organised\13\124_13.jpg
125,13,\kaggle\input\ORL-Organised\ORL-Organised\13\125_13.jpg
126,13,\kaggle\input\ORL-Organised\ORL-Organised\13\126_13.jpg
127,13,\kaggle\input\ORL-Organised\ORL-Organised\13\127_13.jpg
128,13,\kaggle\input\ORL-Organised\ORL-Organised\13\128_13.jpg
129,13,\kaggle\input\ORL-Organised\ORL-Organised\13\129_13.jpg
130,13,\kaggle\input\ORL-Organised\ORL-Organised\13\130_13.jpg
131,14,\kaggle\input\ORL-Organised\ORL-Organised\14\131_14.jpg
132,14,\kaggle\input\ORL-Organised\ORL-Organised\14\132_14.jpg
133,14,\kaggle\input\ORL-Organised\ORL-Organised\14\133_14.jpg
134,14,\kaggle\input\ORL-Organised\ORL-Organised\14\134_14.jpg
135,14,\kaggle\input\ORL-Organised\ORL-Organised\14\135_14.jpg
136,14,\kaggle\input\ORL-Organised\ORL-Organised\14\136_14.jpg
137,14,\kaggle\input\ORL-Organised\ORL-Organised\14\137_14.jpg
138,14,\kaggle\input\ORL-Organised\ORL-Organised\14\138_14.jpg
139,14,\kaggle\input\ORL-Organised\ORL-Organised\14\139_14.jpg
140,14,\kaggle\input\ORL-Organised\ORL-Organised\14\140_14.jpg
141,15,\kaggle\input\ORL-Organised\ORL-Organised\15\141_15.jpg
142,15,\kaggle\input\ORL-Organised\ORL-Organised\15\142_15.jpg
143,15,\kaggle\input\ORL-Organised\ORL-Organised\15\143_15.jpg
144,15,\kaggle\input\ORL-Organised\ORL-Organised\15\144_15.jpg
145,15,\kaggle\input\ORL-Organised\ORL-Organised\15\145_15.jpg
146,15,\kaggle\input\ORL-Organised\ORL-Organised\15\146_15.jpg
147,15,\kaggle\input\ORL-Organised\ORL-Organised\15\147_15.jpg
148,15,\kaggle\input\ORL-Organised\ORL-Organised\15\148_15.jpg
149,15,\kaggle\input\ORL-Organised\ORL-Organised\15\149_15.jpg
150,15,\kaggle\input\ORL-Organised\ORL-Organised\15\150_15.jpg
151,16,\kaggle\input\ORL-Organised\ORL-Organised\16\151_16.jpg
152,16,\kaggle\input\ORL-Organised\ORL-Organised\16\152_16.jpg
153,16,\kaggle\input\ORL-Organised\ORL-Organised\16\153_16.jpg
154,16,\kaggle\input\ORL-Organised\ORL-Organised\16\154_16.jpg
155,16,\kaggle\input\ORL-Organised\ORL-Organised\16\155_16.jpg
156,16,\kaggle\input\ORL-Organised\ORL-Organised\16\156_16.jpg
157,16,\kaggle\input\ORL-Organised\ORL-Organised\16\157_16.jpg
158,16,\kaggle\input\ORL-Organised\ORL-Organised\16\158_16.jpg
159,16,\kaggle\input\ORL-Organised\ORL-Organised\16\159_16.jpg
160,16,\kaggle\input\ORL-Organised\ORL-Organised\16\160_16.jpg
161,17,\kaggle\input\ORL-Organised\ORL-Organised\17\161_17.jpg
162,17,\kaggle\input\ORL-Organised\ORL-Organised\17\162_17.jpg
163,17,\kaggle\input\ORL-Organised\ORL-Organised\17\163_17.jpg
164,17,\kaggle\input\ORL-Organised\ORL-Organised\17\164_17.jpg
165,17,\kaggle\input\ORL-Organised\ORL-Organised\17\165_17.jpg
166,17,\kaggle\input\ORL-Organised\ORL-Organised\17\166_17.jpg
167,17,\kaggle\input\ORL-Organised\ORL-Organised\17\167_17.jpg
168,17,\kaggle\input\ORL-Organised\ORL-Organised\17\168_17.jpg
169,17,\kaggle\input\ORL-Organised\ORL-Organised\17\169_17.jpg
170,17,\kaggle\input\ORL-Organised\ORL-Organised\17\170_17.jpg
171,18,\kaggle\input\ORL-Organised\ORL-Organised\18\171_18.jpg
172,18,\kaggle\input\ORL-Organised\ORL-Organised\18\172_18.jpg
173,18,\kaggle\input\ORL-Organised\ORL-Organised\18\173_18.jpg
174,18,\kaggle\input\ORL-Organised\ORL-Organised\18\174_18.jpg
175,18,\kaggle\input\ORL-Organised\ORL-Organised\18\175_18.jpg
176,18,\kaggle\input\ORL-Organised\ORL-Organised\18\176_18.jpg
177,18,\kaggle\input\ORL-Organised\ORL-Organised\18\177_18.jpg
178,18,\kaggle\input\ORL-Organised\ORL-Organised\18\178_18.jpg
179,18,\kaggle\input\ORL-Organised\ORL-Organised\18\179_18.jpg
180,18,\kaggle\input\ORL-Organised\ORL-Organised\18\180_18.jpg
181,19,\kaggle\input\ORL-Organised\ORL-Organised\19\181_19.jpg
182,19,\kaggle\input\ORL-Organised\ORL-Organised\19\182_19.jpg
183,19,\kaggle\input\ORL-Organised\ORL-Organised\19\183_19.jpg
184,19,\kaggle\input\ORL-Organised\ORL-Organised\19\184_19.jpg
185,19,\kaggle\input\ORL-Organised\ORL-Organised\19\185_19.jpg
186,19,\kaggle\input\ORL-Organised\ORL-Organised\19\186_19.jpg
187,19,\kaggle\input\ORL-Organised\ORL-Organised\19\187_19.jpg
188,19,\kaggle\input\ORL-Organised\ORL-Organised\19\188_19.jpg
189,19,\kaggle\input\ORL-Organised\ORL-Organised\19\189_19.jpg
190,19,\kaggle\input\ORL-Organised\ORL-Organised\19\190_19.jpg
11,2,\kaggle\input\ORL-Organised\ORL-Organised\2\11_2.jpg
12,2,\kaggle\input\ORL-Organised\ORL-Organised\2\12_2.jpg
13,2,\kaggle\input\ORL-Organised\ORL-Organised\2\13_2.jpg
14,2,\kaggle\input\ORL-Organised\ORL-Organised\2\14_2.jpg
15,2,\kaggle\input\ORL-Organised\ORL-Organised\2\15_2.jpg
16,2,\kaggle\input\ORL-Organised\ORL-Organised\2\16_2.jpg
17,2,\kaggle\input\ORL-Organised\ORL-Organised\2\17_2.jpg
18,2,\kaggle\input\ORL-Organised\ORL-Organised\2\18_2.jpg
19,2,\kaggle\input\ORL-Organised\ORL-Organised\2\19_2.jpg
20,2,\kaggle\input\ORL-Organised\ORL-Organised\2\20_2.jpg
191,20,\kaggle\input\ORL-Organised\ORL-Organised\20\191_20.jpg
192,20,\kaggle\input\ORL-Organised\ORL-Organised\20\192_20.jpg
193,20,\kaggle\input\ORL-Organised\ORL-Organised\20\193_20.jpg
194,20,\kaggle\input\ORL-Organised\ORL-Organised\20\194_20.jpg
195,20,\kaggle\input\ORL-Organised\ORL-Organised\20\195_20.jpg
196,20,\kaggle\input\ORL-Organised\ORL-Organised\20\196_20.jpg
197,20,\kaggle\input\ORL-Organised\ORL-Organised\20\197_20.jpg
198,20,\kaggle\input\ORL-Organised\ORL-Organised\20\198_20.jpg
199,20,\kaggle\input\ORL-Organised\ORL-Organised\20\199_20.jpg
200,20,\kaggle\input\ORL-Organised\ORL-Organised\20\200_20.jpg
201,21,\kaggle\input\ORL-Organised\ORL-Organised\21\201_21.jpg
202,21,\kaggle\input\ORL-Organised\ORL-Organised\21\202_21.jpg
203,21,\kaggle\input\ORL-Organised\ORL-Organised\21\203_21.jpg
204,21,\kaggle\input\ORL-Organised\ORL-Organised\21\204_21.jpg
205,21,\kaggle\input\ORL-Organised\ORL-Organised\21\205_21.jpg
206,21,\kaggle\input\ORL-Organised\ORL-Organised\21\206_21.jpg
207,21,\kaggle\input\ORL-Organised\ORL-Organised\21\207_21.jpg
208,21,\kaggle\input\ORL-Organised\ORL-Organised\21\208_21.jpg
209,21,\kaggle\input\ORL-Organised\ORL-Organised\21\209_21.jpg
210,21,\kaggle\input\ORL-Organised\ORL-Organised\21\210_21.jpg
211,22,\kaggle\input\ORL-Organised\ORL-Organised\22\211_22.jpg
212,22,\kaggle\input\ORL-Organised\ORL-Organised\22\212_22.jpg
213,22,\kaggle\input\ORL-Organised\ORL-Organised\22\213_22.jpg
214,22,\kaggle\input\ORL-Organised\ORL-Organised\22\214_22.jpg
215,22,\kaggle\input\ORL-Organised\ORL-Organised\22\215_22.jpg
216,22,\kaggle\input\ORL-Organised\ORL-Organised\22\216_22.jpg
217,22,\kaggle\input\ORL-Organised\ORL-Organised\22\217_22.jpg
218,22,\kaggle\input\ORL-Organised\ORL-Organised\22\218_22.jpg
219,22,\kaggle\input\ORL-Organised\ORL-Organised\22\219_22.jpg
220,22,\kaggle\input\ORL-Organised\ORL-Organised\22\220_22.jpg
221,23,\kaggle\input\ORL-Organised\ORL-Organised\23\221_23.jpg
222,23,\kaggle\input\ORL-Organised\ORL-Organised\23\222_23.jpg
223,23,\kaggle\input\ORL-Organised\ORL-Organised\23\223_23.jpg
224,23,\kaggle\input\ORL-Organised\ORL-Organised\23\224_23.jpg
225,23,\kaggle\input\ORL-Organised\ORL-Organised\23\225_23.jpg
226,23,\kaggle\input\ORL-Organised\ORL-Organised\23\226_23.jpg
227,23,\kaggle\input\ORL-Organised\ORL-Organised\23\227_23.jpg
228,23,\kaggle\input\ORL-Organised\ORL-Organised\23\228_23.jpg
229,23,\kaggle\input\ORL-Organised\ORL-Organised\23\229_23.jpg
230,23,\kaggle\input\ORL-Organised\ORL-Organised\23\230_23.jpg
231,24,\kaggle\input\ORL-Organised\ORL-Organised\24\231_24.jpg
232,24,\kaggle\input\ORL-Organised\ORL-Organised\24\232_24.jpg
233,24,\kaggle\input\ORL-Organised\ORL-Organised\24\233_24.jpg
234,24,\kaggle\input\ORL-Organised\ORL-Organised\24\234_24.jpg
235,24,\kaggle\input\ORL-Organised\ORL-Organised\24\235_24.jpg
236,24,\kaggle\input\ORL-Organised\ORL-Organised\24\236_24.jpg
237,24,\kaggle\input\ORL-Organised\ORL-Organised\24\237_24.jpg
238,24,\kaggle\input\ORL-Organised\ORL-Organised\24\238_24.jpg
239,24,\kaggle\input\ORL-Organised\ORL-Organised\24\239_24.jpg
240,24,\kaggle\input\ORL-Organised\ORL-Organised\24\240_24.jpg
241,25,\kaggle\input\ORL-Organised\ORL-Organised\25\241_25.jpg
242,25,\kaggle\input\ORL-Organised\ORL-Organised\25\242_25.jpg
243,25,\kaggle\input\ORL-Organised\ORL-Organised\25\243_25.jpg
244,25,\kaggle\input\ORL-Organised\ORL-Organised\25\244_25.jpg
245,25,\kaggle\input\ORL-Organised\ORL-Organised\25\245_25.jpg
246,25,\kaggle\input\ORL-Organised\ORL-Organised\25\246_25.jpg
247,25,\kaggle\input\ORL-Organised\ORL-Organised\25\247_25.jpg
248,25,\kaggle\input\ORL-Organised\ORL-Organised\25\248_25.jpg
249,25,\kaggle\input\ORL-Organised\ORL-Organised\25\249_25.jpg
250,25,\kaggle\input\ORL-Organised\ORL-Organised\25\250_25.jpg
251,26,\kaggle\input\ORL-Organised\ORL-Organised\26\251_26.jpg
252,26,\kaggle\input\ORL-Organised\ORL-Organised\26\252_26.jpg
253,26,\kaggle\input\ORL-Organised\ORL-Organised\26\253_26.jpg
254,26,\kaggle\input\ORL-Organised\ORL-Organised\26\254_26.jpg
255,26,\kaggle\input\ORL-Organised\ORL-Organised\26\255_26.jpg
256,26,\kaggle\input\ORL-Organised\ORL-Organised\26\256_26.jpg
257,26,\kaggle\input\ORL-Organised\ORL-Organised\26\257_26.jpg
258,26,\kaggle\input\ORL-Organised\ORL-Organised\26\258_26.jpg
259,26,\kaggle\input\ORL-Organised\ORL-Organised\26\259_26.jpg
260,26,\kaggle\input\ORL-Organised\ORL-Organised\26\260_26.jpg
261,27,\kaggle\input\ORL-Organised\ORL-Organised\27\261_27.jpg
262,27,\kaggle\input\ORL-Organised\ORL-Organised\27\262_27.jpg
263,27,\kaggle\input\ORL-Organised\ORL-Organised\27\263_27.jpg
264,27,\kaggle\input\ORL-Organised\ORL-Organised\27\264_27.jpg
265,27,\kaggle\input\ORL-Organised\ORL-Organised\27\265_27.jpg
266,27,\kaggle\input\ORL-Organised\ORL-Organised\27\266_27.jpg
267,27,\kaggle\input\ORL-Organised\ORL-Organised\27\267_27.jpg
268,27,\kaggle\input\ORL-Organised\ORL-Organised\27\268_27.jpg
269,27,\kaggle\input\ORL-Organised\ORL-Organised\27\269_27.jpg
270,27,\kaggle\input\ORL-Organised\ORL-Organised\27\270_27.jpg
271,28,\kaggle\input\ORL-Organised\ORL-Organised\28\271_28.jpg
272,28,\kaggle\input\ORL-Organised\ORL-Organised\28\272_28.jpg
273,28,\kaggle\input\ORL-Organised\ORL-Organised\28\273_28.jpg
274,28,\kaggle\input\ORL-Organised\ORL-Organised\28\274_28.jpg
275,28,\kaggle\input\ORL-Organised\ORL-Organised\28\275_28.jpg
276,28,\kaggle\input\ORL-Organised\ORL-Organised\28\276_28.jpg
277,28,\kaggle\input\ORL-Organised\ORL-Organised\28\277_28.jpg
278,28,\kaggle\input\ORL-Organised\ORL-Organised\28\278_28.jpg
279,28,\kaggle\input\ORL-Organised\ORL-Organised\28\279_28.jpg
280,28,\kaggle\input\ORL-Organised\ORL-Organised\28\280_28.jpg
281,29,\kaggle\input\ORL-Organised\ORL-Organised\29\281_29.jpg
282,29,\kaggle\input\ORL-Organised\ORL-Organised\29\282_29.jpg
283,29,\kaggle\input\ORL-Organised\ORL-Organised\29\283_29.jpg
284,29,\kaggle\input\ORL-Organised\ORL-Organised\29\284_29.jpg
285,29,\kaggle\input\ORL-Organised\ORL-Organised\29\285_29.jpg
286,29,\kaggle\input\ORL-Organised\ORL-Organised\29\286_29.jpg
287,29,\kaggle\input\ORL-Organised\ORL-Organised\29\287_29.jpg
288,29,\kaggle\input\ORL-Organised\ORL-Organised\29\288_29.jpg
289,29,\kaggle\input\ORL-Organised\ORL-Organised\29\289_29.jpg
290,29,\kaggle\input\ORL-Organised\ORL-Organised\29\290_29.jpg
21,3,\kaggle\input\ORL-Organised\ORL-Organised\3\21_3.jpg
22,3,\kaggle\input\ORL-Organised\ORL-Organised\3\22_3.jpg
23,3,\kaggle\input\ORL-Organised\ORL-Organised\3\23_3.jpg
24,3,\kaggle\input\ORL-Organised\ORL-Organised\3\24_3.jpg
25,3,\kaggle\input\ORL-Organised\ORL-Organised\3\25_3.jpg
26,3,\kaggle\input\ORL-Organised\ORL-Organised\3\26_3.jpg
27,3,\kaggle\input\ORL-Organised\ORL-Organised\3\27_3.jpg
28,3,\kaggle\input\ORL-Organised\ORL-Organised\3\28_3.jpg
29,3,\kaggle\input\ORL-Organised\ORL-Organised\3\29_3.jpg
30,3,\kaggle\input\ORL-Organised\ORL-Organised\3\30_3.jpg
291,30,\kaggle\input\ORL-Organised\ORL-Organised\30\291_30.jpg
292,30,\kaggle\input\ORL-Organised\ORL-Organised\30\292_30.jpg
293,30,\kaggle\input\ORL-Organised\ORL-Organised\30\293_30.jpg
294,30,\kaggle\input\ORL-Organised\ORL-Organised\30\294_30.jpg
295,30,\kaggle\input\ORL-Organised\ORL-Organised\30\295_30.jpg
296,30,\kaggle\input\ORL-Organised\ORL-Organised\30\296_30.jpg
297,30,\kaggle\input\ORL-Organised\ORL-Organised\30\297_30.jpg
298,30,\kaggle\input\ORL-Organised\ORL-Organised\30\298_30.jpg
299,30,\kaggle\input\ORL-Organised\ORL-Organised\30\299_30.jpg
300,30,\kaggle\input\ORL-Organised\ORL-Organised\30\300_30.jpg
301,31,\kaggle\input\ORL-Organised\ORL-Organised\31\301_31.jpg
302,31,\kaggle\input\ORL-Organised\ORL-Organised\31\302_31.jpg
303,31,\kaggle\input\ORL-Organised\ORL-Organised\31\303_31.jpg
304,31,\kaggle\input\ORL-Organised\ORL-Organised\31\304_31.jpg
305,31,\kaggle\input\ORL-Organised\ORL-Organised\31\305_31.jpg
306,31,\kaggle\input\ORL-Organised\ORL-Organised\31\306_31.jpg
307,31,\kaggle\input\ORL-Organised\ORL-Organised\31\307_31.jpg
308,31,\kaggle\input\ORL-Organised\ORL-Organised\31\308_31.jpg
309,31,\kaggle\input\ORL-Organised\ORL-Organised\31\309_31.jpg
310,31,\kaggle\input\ORL-Organised\ORL-Organised\31\310_31.jpg
311,32,\kaggle\input\ORL-Organised\ORL-Organised\32\311_32.jpg
312,32,\kaggle\input\ORL-Organised\ORL-Organised\32\312_32.jpg
313,32,\kaggle\input\ORL-Organised\ORL-Organised\32\313_32.jpg
314,32,\kaggle\input\ORL-Organised\ORL-Organised\32\314_32.jpg
315,32,\kaggle\input\ORL-Organised\ORL-Organised\32\315_32.jpg
316,32,\kaggle\input\ORL-Organised\ORL-Organised\32\316_32.jpg
317,32,\kaggle\input\ORL-Organised\ORL-Organised\32\317_32.jpg
318,32,\kaggle\input\ORL-Organised\ORL-Organised\32\318_32.jpg
319,32,\kaggle\input\ORL-Organised\ORL-Organised\32\319_32.jpg
320,32,\kaggle\input\ORL-Organised\ORL-Organised\32\320_32.jpg
321,33,\kaggle\input\ORL-Organised\ORL-Organised\33\321_33.jpg
322,33,\kaggle\input\ORL-Organised\ORL-Organised\33\322_33.jpg
323,33,\kaggle\input\ORL-Organised\ORL-Organised\33\323_33.jpg
324,33,\kaggle\input\ORL-Organised\ORL-Organised\33\324_33.jpg
325,33,\kaggle\input\ORL-Organised\ORL-Organised\33\325_33.jpg
326,33,\kaggle\input\ORL-Organised\ORL-Organised\33\326_33.jpg
327,33,\kaggle\input\ORL-Organised\ORL-Organised\33\327_33.jpg
328,33,\kaggle\input\ORL-Organised\ORL-Organised\33\328_33.jpg
329,33,\kaggle\input\ORL-Organised\ORL-Organised\33\329_33.jpg
330,33,\kaggle\input\ORL-Organised\ORL-Organised\33\330_33.jpg
331,34,\kaggle\input\ORL-Organised\ORL-Organised\34\331_34.jpg
332,34,\kaggle\input\ORL-Organised\ORL-Organised\34\332_34.jpg
333,34,\kaggle\input\ORL-Organised\ORL-Organised\34\333_34.jpg
334,34,\kaggle\input\ORL-Organised\ORL-Organised\34\334_34.jpg
335,34,\kaggle\input\ORL-Organised\ORL-Organised\34\335_34.jpg
336,34,\kaggle\input\ORL-Organised\ORL-Organised\34\336_34.jpg
337,34,\kaggle\input\ORL-Organised\ORL-Organised\34\337_34.jpg
338,34,\kaggle\input\ORL-Organised\ORL-Organised\34\338_34.jpg
339,34,\kaggle\input\ORL-Organised\ORL-Organised\34\339_34.jpg
340,34,\kaggle\input\ORL-Organised\ORL-Organised\34\340_34.jpg
341,35,\kaggle\input\ORL-Organised\ORL-Organised\35\341_35.jpg
342,35,\kaggle\input\ORL-Organised\ORL-Organised\35\342_35.jpg
343,35,\kaggle\input\ORL-Organised\ORL-Organised\35\343_35.jpg
344,35,\kaggle\input\ORL-Organised\ORL-Organised\35\344_35.jpg
345,35,\kaggle\input\ORL-Organised\ORL-Organised\35\345_35.jpg
346,35,\kaggle\input\ORL-Organised\ORL-Organised\35\346_35.jpg
347,35,\kaggle\input\ORL-Organised\ORL-Organised\35\347_35.jpg
348,35,\kaggle\input\ORL-Organised\ORL-Organised\35\348_35.jpg
349,35,\kaggle\input\ORL-Organised\ORL-Organised\35\349_35.jpg
350,35,\kaggle\input\ORL-Organised\ORL-Organised\35\350_35.jpg
351,36,\kaggle\input\ORL-Organised\ORL-Organised\36\351_36.jpg
352,36,\kaggle\input\ORL-Organised\ORL-Organised\36\352_36.jpg
353,36,\kaggle\input\ORL-Organised\ORL-Organised\36\353_36.jpg
354,36,\kaggle\input\ORL-Organised\ORL-Organised\36\354_36.jpg
355,36,\kaggle\input\ORL-Organised\ORL-Organised\36\355_36.jpg
356,36,\kaggle\input\ORL-Organised\ORL-Organised\36\356_36.jpg
357,36,\kaggle\input\ORL-Organised\ORL-Organised\36\357_36.jpg
358,36,\kaggle\input\ORL-Organised\ORL-Organised\36\358_36.jpg
359,36,\kaggle\input\ORL-Organised\ORL-Organised\36\359_36.jpg
360,36,\kaggle\input\ORL-Organised\ORL-Organised\36\360_36.jpg
361,37,\kaggle\input\ORL-Organised\ORL-Organised\37\361_37.jpg
362,37,\kaggle\input\ORL-Organised\ORL-Organised\37\362_37.jpg
363,37,\kaggle\input\ORL-Organised\ORL-Organised\37\363_37.jpg
364,37,\kaggle\input\ORL-Organised\ORL-Organised\37\364_37.jpg
365,37,\kaggle\input\ORL-Organised\ORL-Organised\37\365_37.jpg
366,37,\kaggle\input\ORL-Organised\ORL-Organised\37\366_37.jpg
367,37,\kaggle\input\ORL-Organised\ORL-Organised\37\367_37.jpg
368,37,\kaggle\input\ORL-Organised\ORL-Organised\37\368_37.jpg
369,37,\kaggle\input\ORL-Organised\ORL-Organised\37\369_37.jpg
370,37,\kaggle\input\ORL-Organised\ORL-Organised\37\370_37.jpg
371,38,\kaggle\input\ORL-Organised\ORL-Organised\38\371_38.jpg
372,38,\kaggle\input\ORL-Organised\ORL-Organised\38\372_38.jpg
373,38,\kaggle\input\ORL-Organised\ORL-Organised\38\373_38.jpg
374,38,\kaggle\input\ORL-Organised\ORL-Organised\38\374_38.jpg
375,38,\kaggle\input\ORL-Organised\ORL-Organised\38\375_38.jpg
376,38,\kaggle\input\ORL-Organised\ORL-Organised\38\376_38.jpg
377,38,\kaggle\input\ORL-Organised\ORL-Organised\38\377_38.jpg
378,38,\kaggle\input\ORL-Organised\ORL-Organised\38\378_38.jpg
379,38,\kaggle\input\ORL-Organised\ORL-Organised\38\379_38.jpg
380,38,\kaggle\input\ORL-Organised\ORL-Organised\38\380_38.jpg
381,39,\kaggle\input\ORL-Organised\ORL-Organised\39\381_39.jpg
382,39,\kaggle\input\ORL-Organised\ORL-Organised\39\382_39.jpg
383,39,\kaggle\input\ORL-Organised\ORL-Organised\39\383_39.jpg
384,39,\kaggle\input\ORL-Organised\ORL-Organised\39\384_39.jpg
385,39,\kaggle\input\ORL-Organised\ORL-Organised\39\385_39.jpg
386,39,\kaggle\input\ORL-Organised\ORL-Organised\39\386_39.jpg
387,39,\kaggle\input\ORL-Organised\ORL-Organised\39\387_39.jpg
388,39,\kaggle\input\ORL-Organised\ORL-Organised\39\388_39.jpg
389,39,\kaggle\input\ORL-Organised\ORL-Organised\39\389_39.jpg
390,39,\kaggle\input\ORL-Organised\ORL-Organised\39\390_39.jpg
31,4,\kaggle\input\ORL-Organised\ORL-Organised\4\31_4.jpg
32,4,\kaggle\input\ORL-Organised\ORL-Organised\4\32_4.jpg
33,4,\kaggle\input\ORL-Organised\ORL-Organised\4\33_4.jpg
34,4,\kaggle\input\ORL-Organised\ORL-Organised\4\34_4.jpg
35,4,\kaggle\input\ORL-Organised\ORL-Organised\4\35_4.jpg
36,4,\kaggle\input\ORL-Organised\ORL-Organised\4\36_4.jpg
37,4,\kaggle\input\ORL-Organised\ORL-Organised\4\37_4.jpg
38,4,\kaggle\input\ORL-Organised\ORL-Organised\4\38_4.jpg
39,4,\kaggle\input\ORL-Organised\ORL-Organised\4\39_4.jpg
40,4,\kaggle\input\ORL-Organised\ORL-Organised\4\40_4.jpg
391,40,\kaggle\input\ORL-Organised\ORL-Organised\40\391_40.jpg
392,40,\kaggle\input\ORL-Organised\ORL-Organised\40\392_40.jpg
393,40,\kaggle\input\ORL-Organised\ORL-Organised\40\393_40.jpg
394,40,\kaggle\input\ORL-Organised\ORL-Organised\40\394_40.jpg
395,40,\kaggle\input\ORL-Organised\ORL-Organised\40\395_40.jpg
396,40,\kaggle\input\ORL-Organised\ORL-Organised\40\396_40.jpg
397,40,\kaggle\input\ORL-Organised\ORL-Organised\40\397_40.jpg
398,40,\kaggle\input\ORL-Organised\ORL-Organised\40\398_40.jpg
399,40,\kaggle\input\ORL-Organised\ORL-Organised\40\399_40.jpg
400,40,\kaggle\input\ORL-Organised\ORL-Organised\40\400_40.jpg
401,41,\kaggle\input\ORL-Organised\ORL-Organised\41\401_41.jpg
402,41,\kaggle\input\ORL-Organised\ORL-Organised\41\402_41.jpg
403,41,\kaggle\input\ORL-Organised\ORL-Organised\41\403_41.jpg
404,41,\kaggle\input\ORL-Organised\ORL-Organised\41\404_41.jpg
405,41,\kaggle\input\ORL-Organised\ORL-Organised\41\405_41.jpg
406,41,\kaggle\input\ORL-Organised\ORL-Organised\41\406_41.jpg
407,41,\kaggle\input\ORL-Organised\ORL-Organised\41\407_41.jpg
408,41,\kaggle\input\ORL-Organised\ORL-Organised\41\408_41.jpg
409,41,\kaggle\input\ORL-Organised\ORL-Organised\41\409_41.jpg
410,41,\kaggle\input\ORL-Organised\ORL-Organised\41\410_41.jpg
41,5,\kaggle\input\ORL-Organised\ORL-Organised\5\41_5.jpg
42,5,\kaggle\input\ORL-Organised\ORL-Organised\5\42_5.jpg
43,5,\kaggle\input\ORL-Organised\ORL-Organised\5\43_5.jpg
44,5,\kaggle\input\ORL-Organised\ORL-Organised\5\44_5.jpg
45,5,\kaggle\input\ORL-Organised\ORL-Organised\5\45_5.jpg
46,5,\kaggle\input\ORL-Organised\ORL-Organised\5\46_5.jpg
47,5,\kaggle\input\ORL-Organised\ORL-Organised\5\47_5.jpg
48,5,\kaggle\input\ORL-Organised\ORL-Organised\5\48_5.jpg
49,5,\kaggle\input\ORL-Organised\ORL-Organised\5\49_5.jpg
50,5,\kaggle\input\ORL-Organised\ORL-Organised\5\50_5.jpg
51,6,\kaggle\input\ORL-Organised\ORL-Organised\6\51_6.jpg
52,6,\kaggle\input\ORL-Organised\ORL-Organised\6\52_6.jpg
53,6,\kaggle\input\ORL-Organised\ORL-Organised\6\53_6.jpg
54,6,\kaggle\input\ORL-Organised\ORL-Organised\6\54_6.jpg
55,6,\kaggle\input\ORL-Organised\ORL-Organised\6\55_6.jpg
56,6,\kaggle\input\ORL-Organised\ORL-Organised\6\56_6.jpg
57,6,\kaggle\input\ORL-Organised\ORL-Organised\6\57_6.jpg
58,6,\kaggle\input\ORL-Organised\ORL-Organised\6\58_6.jpg
59,6,\kaggle\input\ORL-Organised\ORL-Organised\6\59_6.jpg
60,6,\kaggle\input\ORL-Organised\ORL-Organised\6\60_6.jpg
61,7,\kaggle\input\ORL-Organised\ORL-Organised\7\61_7.jpg
62,7,\kaggle\input\ORL-Organised\ORL-Organised\7\62_7.jpg
63,7,\kaggle\input\ORL-Organised\ORL-Organised\7\63_7.jpg
64,7,\kaggle\input\ORL-Organised\ORL-Organised\7\64_7.jpg
65,7,\kaggle\input\ORL-Organised\ORL-Organised\7\65_7.jpg
66,7,\kaggle\input\ORL-Organised\ORL-Organised\7\66_7.jpg
67,7,\kaggle\input\ORL-Organised\ORL-Organised\7\67_7.jpg
68,7,\kaggle\input\ORL-Organised\ORL-Organised\7\68_7.jpg
69,7,\kaggle\input\ORL-Organised\ORL-Organised\7\69_7.jpg
70,7,\kaggle\input\ORL-Organised\ORL-Organised\7\70_7.jpg
71,8,\kaggle\input\ORL-Organised\ORL-Organised\8\71_8.jpg
72,8,\kaggle\input\ORL-Organised\ORL-Organised\8\72_8.jpg
73,8,\kaggle\input\ORL-Organised\ORL-Organised\8\73_8.jpg
74,8,\kaggle\input\ORL-Organised\ORL-Organised\8\74_8.jpg
75,8,\kaggle\input\ORL-Organised\ORL-Organised\8\75_8.jpg
76,8,\kaggle\input\ORL-Organised\ORL-Organised\8\76_8.jpg
77,8,\kaggle\input\ORL-Organised\ORL-Organised\8\77_8.jpg
78,8,\kaggle\input\ORL-Organised\ORL-Organised\8\78_8.jpg
79,8,\kaggle\input\ORL-Organised\ORL-Organised\8\79_8.jpg
80,8,\kaggle\input\ORL-Organised\ORL-Organised\8\80_8.jpg
81,9,\kaggle\input\ORL-Organised\ORL-Organised\9\81_9.jpg
82,9,\kaggle\input\ORL-Organised\ORL-Organised\9\82_9.jpg
83,9,\kaggle\input\ORL-Organised\ORL-Organised\9\83_9.jpg
84,9,\kaggle\input\ORL-Organised\ORL-Organised\9\84_9.jpg
85,9,\kaggle\input\ORL-Organised\ORL-Organised\9\85_9.jpg
86,9,\kaggle\input\ORL-Organised\ORL-Organised\9\86_9.jpg
87,9,\kaggle\input\ORL-Organised\ORL-Organised\9\87_9.jpg
88,9,\kaggle\input\ORL-Organised\ORL-Organised\9\88_9.jpg
89,9,\kaggle\input\ORL-Organised\ORL-Organised\9\89_9.jpg
90,9,\kaggle\input\ORL-Organised\ORL-Organised\9\90_9.jpg
